mean_fit_time,std_fit_time,mean_score_time,std_score_time,param_bootstrap,param_class_weight,param_max_depth,param_max_features,param_min_samples_leaf,param_min_samples_split,param_n_estimators,param_random_state,params,split0_test_score,split1_test_score,split2_test_score,split3_test_score,split4_test_score,mean_test_score,std_test_score,rank_test_score
2.985086536407471,0.07159955096177326,1.3959033012390136,1.2577251462324555,True,,,sqrt,1,2,200,42,"{'bootstrap': True, 'class_weight': None, 'max_depth': None, 'max_features': 'sqrt', 'min_samples_leaf': 1, 'min_samples_split': 2, 'n_estimators': 200, 'random_state': 42}",0.931067044381492,0.9380530973451328,0.9265216020182908,0.9281210592686002,0.9308930261912275,0.9309311658409486,0.003951778789735068,5
6.932419204711914,0.1370651621551983,1.678987407684326,0.7042729401514065,True,,,sqrt,1,2,400,42,"{'bootstrap': True, 'class_weight': None, 'max_depth': None, 'max_features': 'sqrt', 'min_samples_leaf': 1, 'min_samples_split': 2, 'n_estimators': 400, 'random_state': 42}",0.9298521547656495,0.9377567140600316,0.9268138801261829,0.9290891900409707,0.9306868304977945,0.9308397538981259,0.003690940501818574,6
3.337399387359619,0.8456725443554356,2.725546932220459,1.2094470688729833,True,,,sqrt,1,5,200,42,"{'bootstrap': True, 'class_weight': None, 'max_depth': None, 'max_features': 'sqrt', 'min_samples_leaf': 1, 'min_samples_split': 5, 'n_estimators': 200, 'random_state': 42}",0.9292230261088392,0.9378960709759189,0.9265822784810127,0.9264752287787946,0.9320265570660765,0.9304406322821285,0.004247178059118234,10
5.909239101409912,0.4843843604560974,1.8759825229644775,0.6309381056524598,True,,,sqrt,1,5,400,42,"{'bootstrap': True, 'class_weight': None, 'max_depth': None, 'max_features': 'sqrt', 'min_samples_leaf': 1, 'min_samples_split': 5, 'n_estimators': 400, 'random_state': 42}",0.9301007556675063,0.9366687777074097,0.9267214150347441,0.9281210592686002,0.9295863593305967,0.9302396734017714,0.003424796851426247,14
4.083660507202149,0.4835712710667725,2.2055209636688233,0.4618231410029594,True,,,sqrt,2,2,200,42,"{'bootstrap': True, 'class_weight': None, 'max_depth': None, 'max_features': 'sqrt', 'min_samples_leaf': 2, 'min_samples_split': 2, 'n_estimators': 200, 'random_state': 42}",0.9254482541679774,0.9369654735508394,0.9239507731145472,0.9239027470792548,0.9259493670886076,0.9272433230002453,0.004927821782004101,69
5.6196270942687985,0.6146214186705967,1.3909533023834229,0.45261391401433293,True,,,sqrt,2,2,400,42,"{'bootstrap': True, 'class_weight': None, 'max_depth': None, 'max_features': 'sqrt', 'min_samples_leaf': 2, 'min_samples_split': 2, 'n_estimators': 400, 'random_state': 42}",0.9261238604212512,0.9345558014543155,0.9222011385199241,0.9255520504731861,0.9263959390862944,0.9269657579909942,0.004082705292504124,74
3.903594160079956,0.5127115808266082,1.2914834499359131,0.6187551689724308,True,,,sqrt,2,5,200,42,"{'bootstrap': True, 'class_weight': None, 'max_depth': None, 'max_features': 'sqrt', 'min_samples_leaf': 2, 'min_samples_split': 5, 'n_estimators': 200, 'random_state': 42}",0.925937598487236,0.933291179260196,0.9244388239013595,0.9242424242424242,0.9278937381404174,0.9271607528063267,0.003332897870178092,70
4.9069092750549315,0.6208570614680897,2.658461093902588,0.0705983908721927,True,,,sqrt,2,5,400,42,"{'bootstrap': True, 'class_weight': None, 'max_depth': None, 'max_features': 'sqrt', 'min_samples_leaf': 2, 'min_samples_split': 5, 'n_estimators': 400, 'random_state': 42}",0.925645872715816,0.934260429835651,0.9237583043340715,0.9245818870306091,0.9269680682895984,0.9270429124411492,0.0037655059545703084,73
3.6352960109710692,0.4349290312634529,2.06195273399353,0.6015462292196183,True,,,log2,1,2,200,42,"{'bootstrap': True, 'class_weight': None, 'max_depth': None, 'max_features': 'log2', 'min_samples_leaf': 1, 'min_samples_split': 2, 'n_estimators': 200, 'random_state': 42}",0.9290646578782172,0.9366286438529785,0.9264752287787946,0.930511686670878,0.9311104120792703,0.9307581258520278,0.003342420098480384,7
6.087773084640503,0.13644970780688653,1.3414957523345947,0.19587115699464544,True,,,log2,1,2,400,42,"{'bootstrap': True, 'class_weight': None, 'max_depth': None, 'max_features': 'log2', 'min_samples_leaf': 1, 'min_samples_split': 2, 'n_estimators': 400, 'random_state': 42}",0.9291091593475533,0.9385687143761875,0.92662871600253,0.9290444654683065,0.9314033983637507,0.9309508907116657,0.00409740470057103,4
3.5889665603637697,0.40088401401588974,1.635020875930786,0.6423624417939644,True,,,log2,1,5,200,42,"{'bootstrap': True, 'class_weight': None, 'max_depth': None, 'max_features': 'log2', 'min_samples_leaf': 1, 'min_samples_split': 5, 'n_estimators': 200, 'random_state': 42}",0.93048128342246,0.9353202282815473,0.9265216020182908,0.927307206068268,0.9308493842753395,0.9300959408131811,0.0031164815041153718,17
4.473800706863403,0.1856399781912361,2.0200562477111816,0.09412055576118195,True,,,log2,1,5,400,42,"{'bootstrap': True, 'class_weight': None, 'max_depth': None, 'max_features': 'log2', 'min_samples_leaf': 1, 'min_samples_split': 5, 'n_estimators': 400, 'random_state': 42}",0.9292230261088392,0.9362107267534117,0.9257972844963688,0.9260429835651075,0.9295418641390205,0.9293631770125496,0.003759781450668354,28
3.9121702194213865,0.9290099411600385,1.5762621402740478,0.4341587833051097,True,,,log2,2,2,200,42,"{'bootstrap': True, 'class_weight': None, 'max_depth': None, 'max_features': 'log2', 'min_samples_leaf': 2, 'min_samples_split': 2, 'n_estimators': 200, 'random_state': 42}",0.9228832231665093,0.9329538266919671,0.9228336495888678,0.9215189873417722,0.9270304568527918,0.9254440287283817,0.004187877121218219,92
5.030419874191284,0.2278635230953176,1.4861754417419433,0.23802499738410363,True,,,log2,2,2,400,42,"{'bootstrap': True, 'class_weight': None, 'max_depth': None, 'max_features': 'log2', 'min_samples_leaf': 2, 'min_samples_split': 2, 'n_estimators': 400, 'random_state': 42}",0.9246769618657422,0.9348513598987982,0.9221518987341772,0.9229793977812996,0.9248811410459588,0.9259081518651952,0.004587779158549384,87
2.9330650329589845,0.2126819501172326,2.1811990261077883,1.0587450109309349,True,,,log2,2,5,200,42,"{'bootstrap': True, 'class_weight': None, 'max_depth': None, 'max_features': 'log2', 'min_samples_leaf': 2, 'min_samples_split': 5, 'n_estimators': 200, 'random_state': 42}",0.9222536984576645,0.9367088607594937,0.9219095795131205,0.922003804692454,0.9252217997465145,0.9256195486338494,0.005679744186710538,89
4.5637829303741455,0.132735361287973,4.888636732101441,0.4902217139315421,True,,,log2,2,5,400,42,"{'bootstrap': True, 'class_weight': None, 'max_depth': None, 'max_features': 'log2', 'min_samples_leaf': 2, 'min_samples_split': 5, 'n_estimators': 400, 'random_state': 42}",0.9242852654728244,0.9370452388484657,0.9211276528349699,0.9217115689381934,0.9258555133079848,0.9260050478804877,0.005780809157643433,84
12.446859645843507,1.261191027925967,8.808653593063354,1.1938860959636142,True,,,,1,2,200,42,"{'bootstrap': True, 'class_weight': None, 'max_depth': None, 'max_features': None, 'min_samples_leaf': 1, 'min_samples_split': 2, 'n_estimators': 200, 'random_state': 42}",0.9282115869017632,0.9375,0.9221105527638191,0.9291091593475533,0.9315326633165829,0.9296927924659437,0.004987235119133095,22
31.574488353729247,1.4907851381184238,6.51391372680664,0.48388157451621516,True,,,,1,2,400,42,"{'bootstrap': True, 'class_weight': None, 'max_depth': None, 'max_features': None, 'min_samples_leaf': 1, 'min_samples_split': 2, 'n_estimators': 400, 'random_state': 42}",0.9282567652611705,0.9362373737373737,0.9233668341708543,0.9272271016311167,0.9300721229225463,0.9290320395446123,0.004217867168971252,37
22.899055576324464,0.7335735635339333,7.118648195266724,0.5509837463277683,True,,,,1,5,200,42,"{'bootstrap': True, 'class_weight': None, 'max_depth': None, 'max_features': None, 'min_samples_leaf': 1, 'min_samples_split': 5, 'n_estimators': 200, 'random_state': 42}",0.9275818639798489,0.9383886255924171,0.9216734822271154,0.9265997490589711,0.9283018867924528,0.9285091215301611,0.005456721016001047,59
32.96092991828918,0.6822850157438233,8.314870452880859,0.996309080915453,True,,,,1,5,400,42,"{'bootstrap': True, 'class_weight': None, 'max_depth': None, 'max_features': None, 'min_samples_leaf': 1, 'min_samples_split': 5, 'n_estimators': 400, 'random_state': 42}",0.9297637795275591,0.9364527347454947,0.9219143576826196,0.9262166405023547,0.9290646578782172,0.9286824340672493,0.004766129908624015,51
19.910848712921144,0.735899991968793,8.280737447738648,0.9104515976286098,True,,,,2,2,200,42,"{'bootstrap': True, 'class_weight': None, 'max_depth': None, 'max_features': None, 'min_samples_leaf': 2, 'min_samples_split': 2, 'n_estimators': 200, 'random_state': 42}",0.9278091650973007,0.9362373737373737,0.9227871939736346,0.9262166405023547,0.931153725243634,0.9288408197108595,0.0045750531318685195,46
30.296528625488282,0.39622793280383245,5.858704996109009,0.6439746500407192,True,,,,2,2,400,42,"{'bootstrap': True, 'class_weight': None, 'max_depth': None, 'max_features': None, 'min_samples_leaf': 2, 'min_samples_split': 2, 'n_estimators': 400, 'random_state': 42}",0.9292230261088392,0.9368686868686869,0.921143575243481,0.9268445839874412,0.9290646578782172,0.9286289060173332,0.005052738440609527,53
18.430087280273437,2.161058842894829,6.1274933338165285,0.24608586375363808,True,,,,2,5,200,42,"{'bootstrap': True, 'class_weight': None, 'max_depth': None, 'max_features': None, 'min_samples_leaf': 2, 'min_samples_split': 5, 'n_estimators': 200, 'random_state': 42}",0.9274269557021678,0.9359419375197223,0.9227871939736346,0.9264150943396227,0.9321181646763043,0.9289378692422904,0.004596722977910402,42
24.130551767349242,0.8053633831912349,1.1387058734893798,0.3612166964443935,True,,,,2,5,400,42,"{'bootstrap': True, 'class_weight': None, 'max_depth': None, 'max_features': None, 'min_samples_leaf': 2, 'min_samples_split': 5, 'n_estimators': 400, 'random_state': 42}",0.9282115869017632,0.9346384591095674,0.9208045254556882,0.9264613450659962,0.9302325581395349,0.92806969493451,0.0045434843505197855,64
8.163150930404663,0.2663228996389283,5.916134357452393,0.16221780281081208,True,,10,sqrt,1,2,200,42,"{'bootstrap': True, 'class_weight': None, 'max_depth': 10, 'max_features': 'sqrt', 'min_samples_leaf': 1, 'min_samples_split': 2, 'n_estimators': 200, 'random_state': 42}",0.9153605015673981,0.9279848389134555,0.9139784946236559,0.9165879760780611,0.9137985475213135,0.9175420717407767,0.005318533418699946,113
10.259242916107178,0.7479310193512223,1.5374145030975341,0.6531163857090816,True,,10,sqrt,1,2,400,42,"{'bootstrap': True, 'class_weight': None, 'max_depth': 10, 'max_features': 'sqrt', 'min_samples_leaf': 1, 'min_samples_split': 2, 'n_estimators': 400, 'random_state': 42}",0.9150943396226415,0.927536231884058,0.9149003479911421,0.9152221872045383,0.9126582278481012,0.9170822669100961,0.005310932627684186,116
3.999433469772339,2.04609043714035,0.6761199474334717,0.3261435127896234,True,,10,sqrt,1,5,200,42,"{'bootstrap': True, 'class_weight': None, 'max_depth': 10, 'max_features': 'sqrt', 'min_samples_leaf': 1, 'min_samples_split': 5, 'n_estimators': 200, 'random_state': 42}",0.9140526976160602,0.9289996844430419,0.9133459835547122,0.9155107187894073,0.9129471351693574,0.9169712439145158,0.006077341385092915,118
3.5812520027160644,0.5354088541802157,1.9275051593780517,0.3842102948708196,True,,10,sqrt,1,5,400,42,"{'bootstrap': True, 'class_weight': None, 'max_depth': 10, 'max_features': 'sqrt', 'min_samples_leaf': 1, 'min_samples_split': 5, 'n_estimators': 400, 'random_state': 42}",0.914572864321608,0.9286616161616161,0.9130022144890857,0.9162468513853904,0.9118483412322275,0.9168663775179855,0.006080857080218606,119
2.242772436141968,0.7510672180641376,2.0508469104766847,0.4875013601826194,True,,10,sqrt,2,2,200,42,"{'bootstrap': True, 'class_weight': None, 'max_depth': 10, 'max_features': 'sqrt', 'min_samples_leaf': 2, 'min_samples_split': 2, 'n_estimators': 200, 'random_state': 42}",0.9129751806471882,0.9258084971464806,0.9153506001263424,0.9134554643082754,0.9146649810366625,0.9164509446529898,0.004754325413856319,121
4.788544511795044,0.30142124524123015,0.7979917526245117,0.3275326484130935,True,,10,sqrt,2,2,400,42,"{'bootstrap': True, 'class_weight': None, 'max_depth': 10, 'max_features': 'sqrt', 'min_samples_leaf': 2, 'min_samples_split': 2, 'n_estimators': 400, 'random_state': 42}",0.912865681031771,0.9263823064770932,0.9146649810366625,0.9139615505830444,0.9141414141414141,0.9164031866539972,0.005023849895066077,123
2.4754709243774413,0.6399563809846593,0.9251543998718261,0.41386695530643847,True,,10,sqrt,2,5,200,42,"{'bootstrap': True, 'class_weight': None, 'max_depth': 10, 'max_features': 'sqrt', 'min_samples_leaf': 2, 'min_samples_split': 5, 'n_estimators': 200, 'random_state': 42}",0.9121813031161473,0.9263823064770932,0.9139784946236559,0.9150078988941548,0.9133459835547122,0.9161791973331527,0.005183217671228131,126
3.838516092300415,0.572839458479269,1.6335114002227784,0.19161967323870466,True,,10,sqrt,2,5,400,42,"{'bootstrap': True, 'class_weight': None, 'max_depth': 10, 'max_features': 'sqrt', 'min_samples_leaf': 2, 'min_samples_split': 5, 'n_estimators': 400, 'random_state': 42}",0.9125786163522013,0.9261363636363636,0.9143218463484034,0.9148264984227129,0.9134554643082754,0.9162637578135915,0.004995435124783225,124
2.9133333206176757,0.48824358648719596,1.1933516025543214,0.11135480151539269,True,,10,log2,1,2,200,42,"{'bootstrap': True, 'class_weight': None, 'max_depth': 10, 'max_features': 'log2', 'min_samples_leaf': 1, 'min_samples_split': 2, 'n_estimators': 200, 'random_state': 42}",0.9125665935443434,0.9242424242424242,0.9116719242902208,0.9129337539432176,0.9099556119213696,0.9142740615883153,0.005089209206794369,130
4.410366249084473,0.34330207488766623,0.6562668323516846,0.4181505736007446,True,,10,log2,1,2,400,42,"{'bootstrap': True, 'class_weight': None, 'max_depth': 10, 'max_features': 'log2', 'min_samples_leaf': 1, 'min_samples_split': 2, 'n_estimators': 400, 'random_state': 42}",0.9125117591721543,0.9258908861557869,0.9129337539432176,0.9124133585381222,0.9121365360303414,0.9151772587679246,0.005362931158361895,129
2.354013967514038,0.2286237318937522,0.5101557731628418,0.3908725398839997,True,,10,log2,1,5,200,42,"{'bootstrap': True, 'class_weight': None, 'max_depth': 10, 'max_features': 'log2', 'min_samples_leaf': 1, 'min_samples_split': 5, 'n_estimators': 200, 'random_state': 42}",0.913084405396925,0.923755513547574,0.9101834282099937,0.9127686472819216,0.9107029765674477,0.9140989942007725,0.00495806760854544,133
3.508494758605957,0.49977357638361647,1.5589211940765382,0.28229952413523435,True,,10,log2,1,5,400,42,"{'bootstrap': True, 'class_weight': None, 'max_depth': 10, 'max_features': 'log2', 'min_samples_leaf': 1, 'min_samples_split': 5, 'n_estimators': 400, 'random_state': 42}",0.9122257053291536,0.9240466435549952,0.9112724976318283,0.9109848484848485,0.9112164296998421,0.9139492249401335,0.005066536276594153,136
2.278550148010254,0.41193736748659104,1.3142058372497558,0.20765817032338058,True,,10,log2,2,2,200,42,"{'bootstrap': True, 'class_weight': None, 'max_depth': 10, 'max_features': 'log2', 'min_samples_leaf': 2, 'min_samples_split': 2, 'n_estimators': 200, 'random_state': 42}",0.9106918238993711,0.9256564378361278,0.9110410094637224,0.9123028391167193,0.9105897273303741,0.9140563675292629,0.005832094398879785,134
4.269209146499634,0.37374070393806796,0.5976692199707031,0.22768844143453512,True,,10,log2,2,2,400,42,"{'bootstrap': True, 'class_weight': None, 'max_depth': 10, 'max_features': 'log2', 'min_samples_leaf': 2, 'min_samples_split': 2, 'n_estimators': 400, 'random_state': 42}",0.911543287327478,0.9245818870306091,0.9118483412322275,0.9116719242902208,0.9108723135271808,0.9141035506815433,0.005249574291336671,132
2.6115136623382567,0.35812439982708183,1.2568900108337402,1.333613789759916,True,,10,log2,2,5,200,42,"{'bootstrap': True, 'class_weight': None, 'max_depth': 10, 'max_features': 'log2', 'min_samples_leaf': 2, 'min_samples_split': 5, 'n_estimators': 200, 'random_state': 42}",0.9094908862350722,0.9234661606578115,0.9098386586523252,0.9116719242902208,0.911504424778761,0.9131944109228382,0.005208839213213267,143
4.84638032913208,1.8825306396915245,4.557886171340942,1.1744315095634748,True,,10,log2,2,5,400,42,"{'bootstrap': True, 'class_weight': None, 'max_depth': 10, 'max_features': 'log2', 'min_samples_leaf': 2, 'min_samples_split': 5, 'n_estimators': 400, 'random_state': 42}",0.911773940345369,0.9233196591984854,0.9110477999366888,0.9110970996216898,0.9102362204724409,0.9134949439149347,0.0049364832232848205,139
7.737708950042725,3.1930140165852996,7.598783779144287,1.1518372119350901,True,,10,,1,2,200,42,"{'bootstrap': True, 'class_weight': None, 'max_depth': 10, 'max_features': None, 'min_samples_leaf': 1, 'min_samples_split': 2, 'n_estimators': 200, 'random_state': 42}",0.9222570532915361,0.9338790931989924,0.9202762084118016,0.9229323308270677,0.9236089280100598,0.9245907227478914,0.004775961838101813,98
20.87044401168823,0.33762921299051346,5.3380533218383786,0.29644120055184264,True,,10,,1,2,400,42,"{'bootstrap': True, 'class_weight': None, 'max_depth': 10, 'max_features': None, 'min_samples_leaf': 1, 'min_samples_split': 2, 'n_estimators': 400, 'random_state': 42}",0.9225462527438069,0.9326196473551638,0.9190715181932246,0.9235588972431078,0.9243802949482272,0.924435322096706,0.004474221804568234,100
16.634464073181153,0.40655115819132803,5.007852172851562,0.27997580235999875,True,,10,,1,5,200,42,"{'bootstrap': True, 'class_weight': None, 'max_depth': 10, 'max_features': None, 'min_samples_leaf': 1, 'min_samples_split': 5, 'n_estimators': 200, 'random_state': 42}",0.9225462527438069,0.9335433070866141,0.921143575243481,0.9237527455287103,0.9241899968543568,0.9250351754913938,0.004383755141708749,94
21.401465320587157,0.4252618095779588,7.8499163627624515,1.0111424594944687,True,,10,,1,5,400,42,"{'bootstrap': True, 'class_weight': None, 'max_depth': 10, 'max_features': None, 'min_samples_leaf': 1, 'min_samples_split': 5, 'n_estimators': 400, 'random_state': 42}",0.9220615964802011,0.9325346784363178,0.9186813186813186,0.9232696523645475,0.9232704402515723,0.9239635372427915,0.004603162665351439,108
14.777075386047363,1.4383842298655918,6.751469421386719,1.5250458434690553,True,,10,,2,2,200,42,"{'bootstrap': True, 'class_weight': None, 'max_depth': 10, 'max_features': None, 'min_samples_leaf': 2, 'min_samples_split': 2, 'n_estimators': 200, 'random_state': 42}",0.9209039548022598,0.9326620516047829,0.9205152371976123,0.9233668341708543,0.9241899968543568,0.9243276149259732,0.004396829442508263,101
22.417610931396485,0.36494479873159175,5.066581058502197,0.28723852423338686,True,,10,,2,2,400,42,"{'bootstrap': True, 'class_weight': None, 'max_depth': 10, 'max_features': None, 'min_samples_leaf': 2, 'min_samples_split': 2, 'n_estimators': 400, 'random_state': 42}",0.9220615964802011,0.9322834645669291,0.9186813186813186,0.9235588972431078,0.9231253938248267,0.9239421341592766,0.004507867117229722,109
12.661255264282227,1.593589080215049,5.597418546676636,0.24566263479478478,True,,10,,2,5,200,42,"{'bootstrap': True, 'class_weight': None, 'max_depth': 10, 'max_features': None, 'min_samples_leaf': 2, 'min_samples_split': 5, 'n_estimators': 200, 'random_state': 42}",0.9209039548022598,0.9326620516047829,0.919496855345912,0.9234149403640929,0.9247717972930437,0.9242499198820182,0.004593922327336206,103
17.629627895355224,0.6452189036986657,3.18733925819397,1.0418114037927986,True,,10,,2,5,400,42,"{'bootstrap': True, 'class_weight': None, 'max_depth': 10, 'max_features': None, 'min_samples_leaf': 2, 'min_samples_split': 5, 'n_estimators': 400, 'random_state': 42}",0.9214824120603015,0.9325771896660365,0.9183417085427136,0.9235588972431078,0.9234163252442483,0.9238753065512816,0.00474089019908188,110
7.637301969528198,0.45676238748128883,4.839399671554565,0.47834563685929116,True,,20,sqrt,1,2,200,42,"{'bootstrap': True, 'class_weight': None, 'max_depth': 20, 'max_features': 'sqrt', 'min_samples_leaf': 1, 'min_samples_split': 2, 'n_estimators': 200, 'random_state': 42}",0.9293119698397738,0.934768841038632,0.924724409448819,0.924968474148802,0.9305249921408362,0.9288597373233726,0.0037453427158939214,45
9.355831813812255,0.5380254840229495,1.2814030170440673,0.33434056594937084,True,,20,sqrt,1,2,400,42,"{'bootstrap': True, 'class_weight': None, 'max_depth': 20, 'max_features': 'sqrt', 'min_samples_leaf': 1, 'min_samples_split': 2, 'n_estimators': 400, 'random_state': 42}",0.9306122448979591,0.9352290679304898,0.9281210592686002,0.926860025220681,0.9303937007874016,0.9302432196210264,0.002862414243723841,13
4.611414241790771,1.9141014793256121,0.707577133178711,0.3268867328713236,True,,20,sqrt,1,5,200,42,"{'bootstrap': True, 'class_weight': None, 'max_depth': 20, 'max_features': 'sqrt', 'min_samples_leaf': 1, 'min_samples_split': 5, 'n_estimators': 200, 'random_state': 42}",0.9280100597296448,0.9370452388484657,0.9264752287787946,0.9282115869017632,0.9289790741915028,0.9297442376900342,0.003739863740666352,20
5.107948160171508,1.1475459300073414,2.764316987991333,0.9726167400807085,True,,20,sqrt,1,5,400,42,"{'bootstrap': True, 'class_weight': None, 'max_depth': 20, 'max_features': 'sqrt', 'min_samples_leaf': 1, 'min_samples_split': 5, 'n_estimators': 400, 'random_state': 42}",0.9278091650973007,0.9358609794628752,0.9248737373737373,0.9275818639798489,0.9291587602783049,0.9290569012384134,0.003675249544162306,36
2.9609723567962645,0.5445452874381043,2.5008134841918945,0.6140363574124883,True,,20,sqrt,2,2,200,42,"{'bootstrap': True, 'class_weight': None, 'max_depth': 20, 'max_features': 'sqrt', 'min_samples_leaf': 2, 'min_samples_split': 2, 'n_estimators': 200, 'random_state': 42}",0.927244094488189,0.9339652448657187,0.9230769230769231,0.9235628553379659,0.9255622426354133,0.9266822720808421,0.0039329659346878255,80
7.0099952697753904,0.14542894025684586,1.1752243518829346,0.2382231588713884,True,,20,sqrt,2,2,400,42,"{'bootstrap': True, 'class_weight': None, 'max_depth': 20, 'max_features': 'sqrt', 'min_samples_leaf': 2, 'min_samples_split': 2, 'n_estimators': 400, 'random_state': 42}",0.9262759924385633,0.9348925410872313,0.9216182048040455,0.9248737373737373,0.9268755935422602,0.9269072138491676,0.004388018565764902,75
3.563660907745361,0.6326443059598024,1.1707424163818358,0.43735497245743316,True,,20,sqrt,2,5,200,42,"{'bootstrap': True, 'class_weight': None, 'max_depth': 20, 'max_features': 'sqrt', 'min_samples_leaf': 2, 'min_samples_split': 5, 'n_estimators': 200, 'random_state': 42}",0.925645872715816,0.9355246523388117,0.9255520504731861,0.9235145385587863,0.9251184834123223,0.9270711194997846,0.004295652971161082,72
4.6611137866973875,0.9273714339400702,2.2249379634857176,0.2546227881006445,True,,20,sqrt,2,5,400,42,"{'bootstrap': True, 'class_weight': None, 'max_depth': 20, 'max_features': 'sqrt', 'min_samples_leaf': 2, 'min_samples_split': 5, 'n_estimators': 400, 'random_state': 42}",0.9253543307086615,0.9351881125513752,0.9226397221345122,0.9241945672773215,0.9260897030953885,0.9266932871534518,0.004404410675664529,79
3.1881064414978026,0.6521527863886897,2.7005892276763914,0.35012078858004203,True,,20,log2,1,2,200,42,"{'bootstrap': True, 'class_weight': None, 'max_depth': 20, 'max_features': 'log2', 'min_samples_leaf': 1, 'min_samples_split': 2, 'n_estimators': 200, 'random_state': 42}",0.928436911487759,0.9363319607222046,0.9244865718799368,0.9264752287787946,0.9315673289183223,0.9294596003574034,0.0041558449237477585,27
5.90614504814148,0.20081048509820468,1.0904474258422852,0.33906603382005973,True,,20,log2,1,2,400,42,"{'bootstrap': True, 'class_weight': None, 'max_depth': 20, 'max_features': 'log2', 'min_samples_leaf': 1, 'min_samples_split': 2, 'n_estimators': 400, 'random_state': 42}",0.9288178112260896,0.9363319607222046,0.9261829652996846,0.9277830337432986,0.9295863593305967,0.9297404260643749,0.0034874115224495838,21
3.5118505001068114,0.4318708136101896,0.7519407749176026,0.43151379385240046,True,,20,log2,1,5,200,42,"{'bootstrap': True, 'class_weight': None, 'max_depth': 20, 'max_features': 'log2', 'min_samples_leaf': 1, 'min_samples_split': 5, 'n_estimators': 200, 'random_state': 42}",0.9269981120201385,0.9371248025276462,0.9241945672773215,0.9265822784810127,0.9284810126582278,0.9286761545928692,0.0044430282739376025,52
4.713936233520508,1.1928222039537946,2.1368802547454835,0.8293727844227899,True,,20,log2,1,5,400,42,"{'bootstrap': True, 'class_weight': None, 'max_depth': 20, 'max_features': 'log2', 'min_samples_leaf': 1, 'min_samples_split': 5, 'n_estimators': 400, 'random_state': 42}",0.9279647687952186,0.9364928909952607,0.9241945672773215,0.9254579911560329,0.9285262492093611,0.928527293486639,0.004288596786593563,58
3.23018364906311,0.5050029648847816,3.032064342498779,0.4727883946814681,True,,20,log2,2,2,200,42,"{'bootstrap': True, 'class_weight': None, 'max_depth': 20, 'max_features': 'log2', 'min_samples_leaf': 2, 'min_samples_split': 2, 'n_estimators': 200, 'random_state': 42}",0.9232704402515723,0.9341772151898734,0.9219095795131205,0.9224438113327003,0.9252691576947435,0.925414040796402,0.00452797420073026,93
5.764551019668579,0.18302549102283594,0.8046524524688721,0.08720758488436701,True,,20,log2,2,2,400,42,"{'bootstrap': True, 'class_weight': None, 'max_depth': 20, 'max_features': 'log2', 'min_samples_leaf': 2, 'min_samples_split': 2, 'n_estimators': 400, 'random_state': 42}",0.9232704402515723,0.9354430379746835,0.9226397221345122,0.9217611656636047,0.9259962049335864,0.9258221141915918,0.00501442806458737,88
2.7548524856567385,1.1427306962571604,1.286022424697876,1.6478921417534709,True,,20,log2,2,5,200,42,"{'bootstrap': True, 'class_weight': None, 'max_depth': 20, 'max_features': 'log2', 'min_samples_leaf': 2, 'min_samples_split': 5, 'n_estimators': 200, 'random_state': 42}",0.9245757385292269,0.9351060462171573,0.9227359088030399,0.9211775878442545,0.9260552205649001,0.9259301003917159,0.004875185500525787,86
7.010016918182373,2.996860095352686,6.670260810852051,2.2907591417731368,True,,20,log2,2,5,400,42,"{'bootstrap': True, 'class_weight': None, 'max_depth': 20, 'max_features': 'log2', 'min_samples_leaf': 2, 'min_samples_split': 5, 'n_estimators': 400, 'random_state': 42}",0.923028589381087,0.9356984478935698,0.9229793977812996,0.9215189873417722,0.9264426125554851,0.9259336069906426,0.005143278147895741,85
13.712717819213868,3.700570230932355,2.438350534439087,1.0657452800525973,True,,20,,1,2,200,42,"{'bootstrap': True, 'class_weight': None, 'max_depth': 20, 'max_features': None, 'min_samples_leaf': 1, 'min_samples_split': 2, 'n_estimators': 200, 'random_state': 42}",0.926706511481598,0.9363579080025205,0.9234149403640929,0.9275180420458111,0.9309478970495919,0.9289890597887229,0.004395035716508219,39
45.405850124359134,1.0259254384837837,6.512732601165771,0.9347610879144017,True,,20,,1,2,400,42,"{'bootstrap': True, 'class_weight': None, 'max_depth': 20, 'max_features': None, 'min_samples_leaf': 1, 'min_samples_split': 2, 'n_estimators': 400, 'random_state': 42}",0.9273813266268469,0.9366130558183539,0.9232704402515723,0.9269821372610467,0.929444967074318,0.9287383854064275,0.004412122664789851,50
26.924218797683714,2.3315804446990573,10.327778816223145,0.5412090822428338,True,,20,,1,5,200,42,"{'bootstrap': True, 'class_weight': None, 'max_depth': 20, 'max_features': None, 'min_samples_leaf': 1, 'min_samples_split': 5, 'n_estimators': 200, 'random_state': 42}",0.9278740157480315,0.9375,0.9220125786163522,0.9265997490589711,0.9306122448979591,0.9289197176642627,0.005112146516916106,43
37.141305446624756,0.7645696851788737,3.498629999160767,0.9837913624687856,True,,20,,1,5,400,42,"{'bootstrap': True, 'class_weight': None, 'max_depth': 20, 'max_features': None, 'min_samples_leaf': 1, 'min_samples_split': 5, 'n_estimators': 400, 'random_state': 42}",0.9297637795275591,0.9367888748419722,0.920704845814978,0.9263091878331765,0.9294006903043615,0.9285934756644094,0.005227508509489212,55
15.635466814041138,6.341141035541068,8.700743293762207,3.133490237335313,True,,20,,2,2,200,42,"{'bootstrap': True, 'class_weight': None, 'max_depth': 20, 'max_features': None, 'min_samples_leaf': 2, 'min_samples_split': 2, 'n_estimators': 200, 'random_state': 42}",0.9282567652611705,0.9353108236036605,0.9225462527438069,0.9270898805782527,0.9309045226130653,0.9288216489599911,0.0042224747057145,48
29.683705186843873,1.0492818648062223,5.901462745666504,0.5060267446695007,True,,20,,2,2,400,42,"{'bootstrap': True, 'class_weight': None, 'max_depth': 20, 'max_features': None, 'min_samples_leaf': 2, 'min_samples_split': 2, 'n_estimators': 400, 'random_state': 42}",0.9297637795275591,0.9358609794628752,0.9208045254556882,0.9272271016311167,0.9293563579277865,0.9286025488010052,0.004843604519040509,54
22.007694435119628,1.572171532209902,7.037010192871094,1.2225704902826608,True,,20,,2,5,200,42,"{'bootstrap': True, 'class_weight': None, 'max_depth': 20, 'max_features': None, 'min_samples_leaf': 2, 'min_samples_split': 5, 'n_estimators': 200, 'random_state': 42}",0.9280552937480364,0.9365329965266814,0.9226901319924575,0.9270898805782527,0.9324111914492298,0.9293558988589317,0.004735069253258969,29
27.766401958465575,2.917968605808027,3.3276365280151365,1.0773081938007636,True,,20,,2,5,400,42,"{'bootstrap': True, 'class_weight': None, 'max_depth': 20, 'max_features': None, 'min_samples_leaf': 2, 'min_samples_split': 5, 'n_estimators': 400, 'random_state': 42}",0.9285938974520289,0.9352290679304898,0.9210939955988683,0.9267986176562991,0.9296482412060302,0.9282727639687434,0.004562741540157666,61
9.096994161605835,1.0279878720019902,4.914413356781006,0.22384435240541153,True,balanced_subsample,,sqrt,1,2,200,42,"{'bootstrap': True, 'class_weight': 'balanced_subsample', 'max_depth': None, 'max_features': 'sqrt', 'min_samples_leaf': 1, 'min_samples_split': 2, 'n_estimators': 200, 'random_state': 42}",0.9292675259352405,0.9372623574144486,0.9253072801764891,0.9293820933165196,0.9309801449732115,0.9304398803631818,0.003890372526665045,11
11.911171674728394,0.17222178995727375,1.3931698322296142,0.8806581255370702,True,balanced_subsample,,sqrt,1,2,400,42,"{'bootstrap': True, 'class_weight': 'balanced_subsample', 'max_depth': None, 'max_features': 'sqrt', 'min_samples_leaf': 1, 'min_samples_split': 2, 'n_estimators': 400, 'random_state': 42}",0.929559748427673,0.9387496033005395,0.9269061121613107,0.9298079949638023,0.931316950220542,0.9312680818147735,0.00400131447638528,2
6.922084760665894,1.3068246622348607,1.330406904220581,0.43531935102883523,True,balanced_subsample,,sqrt,1,5,200,42,"{'bootstrap': True, 'class_weight': 'balanced_subsample', 'max_depth': None, 'max_features': 'sqrt', 'min_samples_leaf': 1, 'min_samples_split': 5, 'n_estimators': 200, 'random_state': 42}",0.9309366130558183,0.9360759493670886,0.9264287969687401,0.9261829652996846,0.9298799747315224,0.9299008598845708,0.003607850107038314,18
7.882747459411621,1.1589542470224639,2.6810686111450197,1.0667673455579676,True,balanced_subsample,,sqrt,1,5,400,42,"{'bootstrap': True, 'class_weight': 'balanced_subsample', 'max_depth': None, 'max_features': 'sqrt', 'min_samples_leaf': 1, 'min_samples_split': 5, 'n_estimators': 400, 'random_state': 42}",0.9295154185022027,0.935402153261558,0.9264752287787946,0.9255989911727617,0.9284810126582278,0.9290945608747089,0.0034472943722595275,34
4.900115251541138,1.1782068922300934,2.389690065383911,0.6781029743286059,True,balanced_subsample,,sqrt,2,2,200,42,"{'bootstrap': True, 'class_weight': 'balanced_subsample', 'max_depth': None, 'max_features': 'sqrt', 'min_samples_leaf': 2, 'min_samples_split': 2, 'n_estimators': 200, 'random_state': 42}",0.9238035264483627,0.9353108236036605,0.9238546603475514,0.9269680682895984,0.9293633196072221,0.9278600796592791,0.004267739630418524,65
9.4624351978302,0.3543554171896937,1.2338804721832275,0.15525498087639372,True,balanced_subsample,,sqrt,2,2,400,42,"{'bootstrap': True, 'class_weight': 'balanced_subsample', 'max_depth': None, 'max_features': 'sqrt', 'min_samples_leaf': 2, 'min_samples_split': 2, 'n_estimators': 400, 'random_state': 42}",0.9234163252442483,0.9355653821857233,0.9222011385199241,0.9253636938646427,0.9278024065864471,0.926869789280197,0.004742871454895168,76
5.097629261016846,0.43990884087333637,1.5475908756256103,0.6715591711079646,True,balanced_subsample,,sqrt,2,5,200,42,"{'bootstrap': True, 'class_weight': 'balanced_subsample', 'max_depth': None, 'max_features': 'sqrt', 'min_samples_leaf': 2, 'min_samples_split': 5, 'n_estimators': 200, 'random_state': 42}",0.9257861635220126,0.9347275031685678,0.9239507731145472,0.9247787610619469,0.9277566539923955,0.9273999709718941,0.0038779384370262594,67
6.821524286270142,0.41995918944125077,3.1084778785705565,0.5225258738445228,True,balanced_subsample,,sqrt,2,5,400,42,"{'bootstrap': True, 'class_weight': 'balanced_subsample', 'max_depth': None, 'max_features': 'sqrt', 'min_samples_leaf': 2, 'min_samples_split': 5, 'n_estimators': 400, 'random_state': 42}",0.9260308467107334,0.9363319607222046,0.9241466498103666,0.9247311827956989,0.9278024065864471,0.9278086093250902,0.004442713111533064,66
5.62818284034729,1.0824003115742962,2.7668187618255615,0.413240285583516,True,balanced_subsample,,log2,1,2,200,42,"{'bootstrap': True, 'class_weight': 'balanced_subsample', 'max_depth': None, 'max_features': 'log2', 'min_samples_leaf': 1, 'min_samples_split': 2, 'n_estimators': 200, 'random_state': 42}",0.9299403078856425,0.9364527347454947,0.9292482627921668,0.9292929292929293,0.9332073093887838,0.9316283088210036,0.002819088224630894,1
8.578037786483765,0.3249319979744476,0.999389362335205,0.5361866640943873,True,balanced_subsample,,log2,1,2,400,42,"{'bootstrap': True, 'class_weight': 'balanced_subsample', 'max_depth': None, 'max_features': 'log2', 'min_samples_leaf': 1, 'min_samples_split': 2, 'n_estimators': 400, 'random_state': 42}",0.9293563579277865,0.9383106611831699,0.9289996844430419,0.9271063426948564,0.9315673289183223,0.9310680750334355,0.003888646211334796,3
4.1196427822113035,0.9305116271359057,2.886784219741821,1.1531058551149067,True,balanced_subsample,,log2,1,5,200,42,"{'bootstrap': True, 'class_weight': 'balanced_subsample', 'max_depth': None, 'max_features': 'log2', 'min_samples_leaf': 1, 'min_samples_split': 5, 'n_estimators': 200, 'random_state': 42}",0.9301007556675063,0.9357391579613802,0.928232690483718,0.9283449587824985,0.9313508383422967,0.9307536802474801,0.0027493717397976524,8
7.673355627059936,0.31639776795242414,1.3159530639648438,0.7288334727771171,True,balanced_subsample,,log2,1,5,400,42,"{'bootstrap': True, 'class_weight': 'balanced_subsample', 'max_depth': None, 'max_features': 'log2', 'min_samples_leaf': 1, 'min_samples_split': 5, 'n_estimators': 400, 'random_state': 42}",0.9294265910523,0.9375198223913733,0.928030303030303,0.9265357821405953,0.9294527048402405,0.9301930406909624,0.00381759732289864,15
4.752659749984741,0.9646903427415596,1.9633758068084717,0.3381657325420574,True,balanced_subsample,,log2,2,2,200,42,"{'bootstrap': True, 'class_weight': 'balanced_subsample', 'max_depth': None, 'max_features': 'log2', 'min_samples_leaf': 2, 'min_samples_split': 2, 'n_estimators': 200, 'random_state': 42}",0.9231253938248267,0.9347275031685678,0.9211775878442545,0.9228326452842172,0.9261021249603553,0.9255930510164443,0.004835346094058233,90
7.037649011611938,0.9732148572381095,1.7612565994262694,0.7439212649690535,True,balanced_subsample,,log2,2,2,400,42,"{'bootstrap': True, 'class_weight': 'balanced_subsample', 'max_depth': None, 'max_features': 'log2', 'min_samples_leaf': 2, 'min_samples_split': 2, 'n_estimators': 400, 'random_state': 42}",0.9254951273184533,0.9359949302915083,0.9226869455006337,0.9227359088030399,0.9259962049335864,0.9265818233694443,0.004900848327604047,81
4.6656139373779295,0.6271181123918383,2.3007498264312742,0.9393472145824608,True,balanced_subsample,,log2,2,5,200,42,"{'bootstrap': True, 'class_weight': 'balanced_subsample', 'max_depth': None, 'max_features': 'log2', 'min_samples_leaf': 2, 'min_samples_split': 5, 'n_estimators': 200, 'random_state': 42}",0.9241422725841989,0.9337979094076655,0.9239061509194674,0.9249762583095916,0.924492385786802,0.926262995401545,0.0037846495481608806,83
7.254259014129639,0.5185921399972219,4.157719421386719,2.0843771843104473,True,balanced_subsample,,log2,2,5,400,42,"{'bootstrap': True, 'class_weight': 'balanced_subsample', 'max_depth': None, 'max_features': 'log2', 'min_samples_leaf': 2, 'min_samples_split': 5, 'n_estimators': 400, 'random_state': 42}",0.9244808055380742,0.9345143941790572,0.9225888324873096,0.9240025332488917,0.9258084971464806,0.9262790125199626,0.00424443708122417,82
15.68476881980896,2.527331099982566,9.645185899734496,0.37097912321470333,True,balanced_subsample,,,1,2,200,42,"{'bootstrap': True, 'class_weight': 'balanced_subsample', 'max_depth': None, 'max_features': None, 'min_samples_leaf': 1, 'min_samples_split': 2, 'n_estimators': 200, 'random_state': 42}",0.9273356401384083,0.9371645089990527,0.9236569274269557,0.9277184160905091,0.9322459222082811,0.9296242829726415,0.004652043585671493,24
32.42213335037231,1.8095639142059667,5.971742248535156,0.6603313789325884,True,balanced_subsample,,,1,2,400,42,"{'bootstrap': True, 'class_weight': 'balanced_subsample', 'max_depth': None, 'max_features': None, 'min_samples_leaf': 1, 'min_samples_split': 2, 'n_estimators': 400, 'random_state': 42}",0.9288860918816866,0.9369085173501577,0.9221105527638191,0.9281455914653279,0.9300721229225463,0.9292245752767074,0.004725450162427089,31
23.83998417854309,1.742982832912987,5.839918804168701,1.3316299865472685,True,balanced_subsample,,,1,5,200,42,"{'bootstrap': True, 'class_weight': 'balanced_subsample', 'max_depth': None, 'max_features': None, 'min_samples_leaf': 1, 'min_samples_split': 5, 'n_estimators': 200, 'random_state': 42}",0.9278740157480315,0.9380530973451328,0.9238993710691824,0.9267986176562991,0.9315326633165829,0.9296315530270458,0.004868449427374054,23
33.98855190277099,0.46586609532956497,8.10285816192627,1.5061987173775568,True,balanced_subsample,,,1,5,400,42,"{'bootstrap': True, 'class_weight': 'balanced_subsample', 'max_depth': None, 'max_features': None, 'min_samples_leaf': 1, 'min_samples_split': 5, 'n_estimators': 400, 'random_state': 42}",0.929471032745592,0.9367888748419722,0.9231253938248267,0.9272271016311167,0.9287731408848446,0.9290771087856704,0.004439917695748224,35
21.421006441116333,2.5083962395578943,7.732843923568725,1.4252444107911575,True,balanced_subsample,,,2,2,200,42,"{'bootstrap': True, 'class_weight': 'balanced_subsample', 'max_depth': None, 'max_features': None, 'min_samples_leaf': 2, 'min_samples_split': 2, 'n_estimators': 200, 'random_state': 42}",0.9276274386406544,0.9375394321766561,0.923318667504714,0.9273813266268469,0.9321608040201005,0.9296055337937945,0.004855116788959335,25
34.145005226135254,0.719717529660644,6.187581586837768,0.30529735334713126,True,balanced_subsample,,,2,2,400,42,"{'bootstrap': True, 'class_weight': 'balanced_subsample', 'max_depth': None, 'max_features': None, 'min_samples_leaf': 2, 'min_samples_split': 2, 'n_estimators': 400, 'random_state': 42}",0.9291784702549575,0.9353516240933459,0.9205152371976123,0.9271814187068425,0.9292675259352405,0.9282988552375997,0.0047599783239947934,60
19.00014591217041,2.4382528705523474,5.787667942047119,0.49708500732700556,True,balanced_subsample,,,2,5,200,42,"{'bootstrap': True, 'class_weight': 'balanced_subsample', 'max_depth': None, 'max_features': None, 'min_samples_leaf': 2, 'min_samples_split': 5, 'n_estimators': 200, 'random_state': 42}",0.9276274386406544,0.9362776025236593,0.9226901319924575,0.9279647687952186,0.9314896291640478,0.9292099142232075,0.004510243775373017,32
26.492208862304686,0.43685922703388413,1.3490681171417236,0.6720379981764372,True,balanced_subsample,,,2,5,400,42,"{'bootstrap': True, 'class_weight': 'balanced_subsample', 'max_depth': None, 'max_features': None, 'min_samples_leaf': 2, 'min_samples_split': 5, 'n_estimators': 400, 'random_state': 42}",0.9288860918816866,0.9346384591095674,0.9213836477987422,0.9265075376884422,0.9293119698397738,0.9281455412636423,0.004300539778633906,62
8.859360361099244,0.33076440572906884,5.80146894454956,0.41219280718538526,True,balanced_subsample,10,sqrt,1,2,200,42,"{'bootstrap': True, 'class_weight': 'balanced_subsample', 'max_depth': 10, 'max_features': 'sqrt', 'min_samples_leaf': 1, 'min_samples_split': 2, 'n_estimators': 200, 'random_state': 42}",0.9136577708006279,0.9271523178807947,0.915929203539823,0.9150943396226415,0.9151151782896813,0.9173897620267135,0.00493581161713348,114
11.669294786453246,0.5167702867553996,1.7531387329101562,1.5743822706780175,True,balanced_subsample,10,sqrt,1,2,400,42,"{'bootstrap': True, 'class_weight': 'balanced_subsample', 'max_depth': 10, 'max_features': 'sqrt', 'min_samples_leaf': 1, 'min_samples_split': 2, 'n_estimators': 400, 'random_state': 42}",0.9137119548164417,0.9267676767676768,0.9154040404040404,0.9144654088050315,0.9157462922057431,0.9172190745997867,0.004827459061587225,115
5.928816795349121,3.0357808790834855,1.405370569229126,0.6259567159857758,True,balanced_subsample,10,sqrt,1,5,200,42,"{'bootstrap': True, 'class_weight': 'balanced_subsample', 'max_depth': 10, 'max_features': 'sqrt', 'min_samples_leaf': 1, 'min_samples_split': 5, 'n_estimators': 200, 'random_state': 42}",0.9122365523749607,0.9245880861850444,0.9140328697850821,0.9156702328508496,0.9145569620253164,0.9162169406442506,0.00432999197190954,125
5.6185942649841305,0.7197905544190509,1.2421850681304931,0.28329626113095824,True,balanced_subsample,10,sqrt,1,5,400,42,"{'bootstrap': True, 'class_weight': 'balanced_subsample', 'max_depth': 10, 'max_features': 'sqrt', 'min_samples_leaf': 1, 'min_samples_split': 5, 'n_estimators': 400, 'random_state': 42}",0.9136035186930569,0.9262424817980374,0.9152435167615434,0.9149874055415617,0.9152970922882427,0.9170748030164886,0.004625305224414175,117
3.23315806388855,0.8197562524113094,1.7128836154937743,0.43703289168586257,True,balanced_subsample,10,sqrt,2,2,200,42,"{'bootstrap': True, 'class_weight': 'balanced_subsample', 'max_depth': 10, 'max_features': 'sqrt', 'min_samples_leaf': 2, 'min_samples_split': 2, 'n_estimators': 200, 'random_state': 42}",0.9144654088050315,0.9260897030953885,0.9137603043753963,0.914249684741488,0.9157462922057431,0.9168622786446097,0.004660121543992921,120
6.616581296920776,0.4083916098391605,1.4773749828338623,0.7004588084952736,True,balanced_subsample,10,sqrt,2,2,400,42,"{'bootstrap': True, 'class_weight': 'balanced_subsample', 'max_depth': 10, 'max_features': 'sqrt', 'min_samples_leaf': 2, 'min_samples_split': 2, 'n_estimators': 400, 'random_state': 42}",0.9143395042359586,0.9263823064770932,0.9136895352513437,0.9136191677175284,0.9140328697850821,0.9164126766934011,0.004991477430476741,122
4.022104358673095,0.31494203861950865,1.346255350112915,0.7258890176459937,True,balanced_subsample,10,sqrt,2,5,200,42,"{'bootstrap': True, 'class_weight': 'balanced_subsample', 'max_depth': 10, 'max_features': 'sqrt', 'min_samples_leaf': 2, 'min_samples_split': 5, 'n_estimators': 200, 'random_state': 42}",0.9118387909319899,0.9256564378361278,0.9119138149556401,0.9147727272727273,0.9137440758293839,0.9155851693651739,0.005157408859886272,128
6.188282775878906,0.5371533535606984,0.8672960281372071,0.332473768102862,True,balanced_subsample,10,sqrt,2,5,400,42,"{'bootstrap': True, 'class_weight': 'balanced_subsample', 'max_depth': 10, 'max_features': 'sqrt', 'min_samples_leaf': 2, 'min_samples_split': 5, 'n_estimators': 400, 'random_state': 42}",0.911487758945386,0.9269680682895984,0.9135802469135802,0.9136191677175284,0.912480252764613,0.9156270989261411,0.005724958571785915,127
4.171554183959961,0.29027364091107233,0.8739857196807861,0.07356353305716035,True,balanced_subsample,10,log2,1,2,200,42,"{'bootstrap': True, 'class_weight': 'balanced_subsample', 'max_depth': 10, 'max_features': 'log2', 'min_samples_leaf': 1, 'min_samples_split': 2, 'n_estimators': 200, 'random_state': 42}",0.9120500782472614,0.9242902208201893,0.9079987353778058,0.9116161616161617,0.9121365360303414,0.9136183464183519,0.005552168991668258,138
6.023635625839233,0.13527561010670777,1.3627322673797608,0.4309306826403964,True,balanced_subsample,10,log2,1,2,400,42,"{'bootstrap': True, 'class_weight': 'balanced_subsample', 'max_depth': 10, 'max_features': 'log2', 'min_samples_leaf': 1, 'min_samples_split': 2, 'n_estimators': 400, 'random_state': 42}",0.9116541353383458,0.924724409448819,0.9106409851594569,0.9114402773400567,0.9127686472819216,0.9142456909137199,0.005283287030295192,131
3.7764447212219237,0.30307566109278916,1.1445465087890625,0.19913726699154768,True,balanced_subsample,10,log2,1,5,200,42,"{'bootstrap': True, 'class_weight': 'balanced_subsample', 'max_depth': 10, 'max_features': 'log2', 'min_samples_leaf': 1, 'min_samples_split': 5, 'n_estimators': 200, 'random_state': 42}",0.9107422486689634,0.9234163252442483,0.908573236317621,0.913510101010101,0.9109350237717908,0.913435387002545,0.005230105735452055,141
6.186042261123657,0.22446000786393996,1.2326457977294922,0.13927582481069364,True,balanced_subsample,10,log2,1,5,400,42,"{'bootstrap': True, 'class_weight': 'balanced_subsample', 'max_depth': 10, 'max_features': 'log2', 'min_samples_leaf': 1, 'min_samples_split': 5, 'n_estimators': 400, 'random_state': 42}",0.9122807017543859,0.9248737373737373,0.9106409851594569,0.9112724976318283,0.9111602908631047,0.9140456425565027,0.005440035524977783,135
3.7153343677520754,0.1904705595588625,1.0572204113006591,0.37496671068217696,True,balanced_subsample,10,log2,2,2,200,42,"{'bootstrap': True, 'class_weight': 'balanced_subsample', 'max_depth': 10, 'max_features': 'log2', 'min_samples_leaf': 2, 'min_samples_split': 2, 'n_estimators': 200, 'random_state': 42}",0.9098901098901099,0.9240025332488917,0.9108159392789373,0.9092633575719253,0.9117367921543815,0.9131417464288492,0.005494633856189344,144
5.542995262145996,0.3442362781010332,1.0157478332519532,0.7486397431439148,True,balanced_subsample,10,log2,2,2,400,42,"{'bootstrap': True, 'class_weight': 'balanced_subsample', 'max_depth': 10, 'max_features': 'log2', 'min_samples_leaf': 2, 'min_samples_split': 2, 'n_estimators': 400, 'random_state': 42}",0.9118293065578914,0.9236593059936908,0.9112164296998421,0.9106973808772484,0.9099556119213696,0.9134716070100083,0.0051309012494191964,140
3.7003008842468263,0.3155787577440736,1.6973125457763671,1.1124435692717813,True,balanced_subsample,10,log2,2,5,200,42,"{'bootstrap': True, 'class_weight': 'balanced_subsample', 'max_depth': 10, 'max_features': 'log2', 'min_samples_leaf': 2, 'min_samples_split': 5, 'n_estimators': 200, 'random_state': 42}",0.9100062932662052,0.923998738568275,0.9097244219195438,0.9123140234251346,0.910414688192466,0.9132916330743249,0.005429421582740295,142
5.161079216003418,0.19507442562443092,5.673652124404907,0.5867075249362325,True,balanced_subsample,10,log2,2,5,400,42,"{'bootstrap': True, 'class_weight': 'balanced_subsample', 'max_depth': 10, 'max_features': 'log2', 'min_samples_leaf': 2, 'min_samples_split': 5, 'n_estimators': 400, 'random_state': 42}",0.9110901665095822,0.9241945672773215,0.9118483412322275,0.9124249130572242,0.9098386586523252,0.9138793293457361,0.0052297384642426056,137
10.199509716033935,1.6777774150741491,6.333042049407959,0.5145047164377063,True,balanced_subsample,10,,1,2,200,42,"{'bootstrap': True, 'class_weight': 'balanced_subsample', 'max_depth': 10, 'max_features': None, 'min_samples_leaf': 1, 'min_samples_split': 2, 'n_estimators': 200, 'random_state': 42}",0.9235109717868338,0.9333333333333333,0.9205651491365777,0.9225462527438069,0.924913603518693,0.9249738621038489,0.004412583724894711,95
21.47837610244751,2.0103462671780084,5.980702018737793,0.5837212596475406,True,balanced_subsample,10,,1,2,400,42,"{'bootstrap': True, 'class_weight': 'balanced_subsample', 'max_depth': 10, 'max_features': None, 'min_samples_leaf': 1, 'min_samples_split': 2, 'n_estimators': 400, 'random_state': 42}",0.9231251961091936,0.9316535433070866,0.9187833176544371,0.9233176838810642,0.9243328100470958,0.9242425101997753,0.004167446304968059,104
15.925804042816162,0.10430318687729703,5.6460271835327145,0.518773468591503,True,balanced_subsample,10,,1,5,200,42,"{'bootstrap': True, 'class_weight': 'balanced_subsample', 'max_depth': 10, 'max_features': None, 'min_samples_leaf': 1, 'min_samples_split': 5, 'n_estimators': 200, 'random_state': 42}",0.9222082810539524,0.9332073093887838,0.9210939955988683,0.9222082810539524,0.922544080604534,0.9242523895400183,0.00450424511344525,102
23.443563795089723,0.6101437443548534,6.7493092060089115,0.7464944977022876,True,balanced_subsample,10,,1,5,400,42,"{'bootstrap': True, 'class_weight': 'balanced_subsample', 'max_depth': 10, 'max_features': None, 'min_samples_leaf': 1, 'min_samples_split': 5, 'n_estimators': 400, 'random_state': 42}",0.9218210361067504,0.9325771896660365,0.9193598995920929,0.9229805886036319,0.9238035264483627,0.9241084480833749,0.004491449532796942,106
14.98169503211975,0.5119054551171754,6.097624015808106,0.6246299968960867,True,balanced_subsample,10,,2,2,200,42,"{'bootstrap': True, 'class_weight': 'balanced_subsample', 'max_depth': 10, 'max_features': None, 'min_samples_leaf': 2, 'min_samples_split': 2, 'n_estimators': 200, 'random_state': 42}",0.921193092621664,0.9319899244332494,0.9195474544311754,0.9233668341708543,0.9241899968543568,0.92405746050226,0.004288665823943738,107
23.282870721817016,0.28271379020519405,5.64820351600647,0.272844177985469,True,balanced_subsample,10,,2,2,400,42,"{'bootstrap': True, 'class_weight': 'balanced_subsample', 'max_depth': 10, 'max_features': None, 'min_samples_leaf': 2, 'min_samples_split': 2, 'n_estimators': 400, 'random_state': 42}",0.921143575243481,0.9322834645669291,0.9189698492462312,0.9233176838810642,0.9231738035264484,0.9237776752928308,0.004538245889081936,111
14.330085182189942,0.357850712614654,5.736320161819458,0.8071985067527715,True,balanced_subsample,10,,2,5,200,42,"{'bootstrap': True, 'class_weight': 'balanced_subsample', 'max_depth': 10, 'max_features': None, 'min_samples_leaf': 2, 'min_samples_split': 5, 'n_estimators': 200, 'random_state': 42}",0.9208542713567839,0.9316965690903368,0.9198365293932725,0.9233668341708543,0.9254482541679774,0.9242404916358449,0.004211328292115605,105
21.871214199066163,0.5209404765832083,3.0673758506774904,0.3993507132016117,True,balanced_subsample,10,,2,5,400,42,"{'bootstrap': True, 'class_weight': 'balanced_subsample', 'max_depth': 10, 'max_features': None, 'min_samples_leaf': 2, 'min_samples_split': 5, 'n_estimators': 400, 'random_state': 42}",0.9217227287016662,0.9319899244332494,0.9186302230600063,0.9226432821797682,0.923755513547574,0.9237483343844529,0.004459666811757326,112
9.244655466079712,0.4155121239101064,4.113560533523559,1.3092266910287507,True,balanced_subsample,20,sqrt,1,2,200,42,"{'bootstrap': True, 'class_weight': 'balanced_subsample', 'max_depth': 20, 'max_features': 'sqrt', 'min_samples_leaf': 1, 'min_samples_split': 2, 'n_estimators': 200, 'random_state': 42}",0.9296482412060302,0.9367488931056294,0.9253543307086615,0.9288860918816866,0.9318181818181818,0.930491147744038,0.0037574986747163706,9
11.745630788803101,0.6179695683864731,0.7437551498413086,0.15475583100784915,True,balanced_subsample,20,sqrt,1,2,400,42,"{'bootstrap': True, 'class_weight': 'balanced_subsample', 'max_depth': 20, 'max_features': 'sqrt', 'min_samples_leaf': 1, 'min_samples_split': 2, 'n_estimators': 400, 'random_state': 42}",0.9309045226130653,0.9367488931056294,0.9246769618657422,0.9291784702549575,0.9294265910523,0.930187087778339,0.0038866220306789257,16
5.312409687042236,1.9260020447850943,2.624939966201782,1.6836658949634198,True,balanced_subsample,20,sqrt,1,5,200,42,"{'bootstrap': True, 'class_weight': 'balanced_subsample', 'max_depth': 20, 'max_features': 'sqrt', 'min_samples_leaf': 1, 'min_samples_split': 5, 'n_estimators': 200, 'random_state': 42}",0.9301007556675063,0.9355653821857233,0.9263823064770932,0.9252130009466709,0.9289548468582255,0.9292432584270438,0.0036115302293769115,30
7.454559755325318,0.6898654941739611,1.2429376602172852,0.5601794800885079,True,balanced_subsample,20,sqrt,1,5,400,42,"{'bootstrap': True, 'class_weight': 'balanced_subsample', 'max_depth': 20, 'max_features': 'sqrt', 'min_samples_leaf': 1, 'min_samples_split': 5, 'n_estimators': 400, 'random_state': 42}",0.928975487115022,0.9362373737373737,0.9250711349984192,0.925937598487236,0.9285262492093611,0.9289495687094824,0.003934620336405964,40
4.960826587677002,1.0141695209633386,2.444245147705078,0.9548171604411042,True,balanced_subsample,20,sqrt,2,2,200,42,"{'bootstrap': True, 'class_weight': 'balanced_subsample', 'max_depth': 20, 'max_features': 'sqrt', 'min_samples_leaf': 2, 'min_samples_split': 2, 'n_estimators': 200, 'random_state': 42}",0.9251101321585903,0.9364928909952607,0.9220574313663616,0.9237583043340715,0.9281872825055362,0.9271212082719641,0.005098241616804975,71
8.317022895812988,1.0043066640935205,2.6651518821716307,0.5005746659176401,True,balanced_subsample,20,sqrt,2,2,400,42,"{'bootstrap': True, 'class_weight': 'balanced_subsample', 'max_depth': 20, 'max_features': 'sqrt', 'min_samples_leaf': 2, 'min_samples_split': 2, 'n_estimators': 400, 'random_state': 42}",0.926752593524049,0.9370053814498259,0.9222503160556258,0.9243431465653688,0.92662871600253,0.9273960307194798,0.005082142969620974,68
3.9746520042419435,0.7699133432969422,2.731403112411499,0.3452899369112446,True,balanced_subsample,20,sqrt,2,5,200,42,"{'bootstrap': True, 'class_weight': 'balanced_subsample', 'max_depth': 20, 'max_features': 'sqrt', 'min_samples_leaf': 2, 'min_samples_split': 5, 'n_estimators': 200, 'random_state': 42}",0.924968474148802,0.9360759493670886,0.922882427307206,0.9246835443037975,0.9253164556962026,0.9267853701646193,0.004720684646587276,78
7.8751294136047365,0.4463138403418859,1.3507020950317383,0.1927487648468195,True,balanced_subsample,20,sqrt,2,5,400,42,"{'bootstrap': True, 'class_weight': 'balanced_subsample', 'max_depth': 20, 'max_features': 'sqrt', 'min_samples_leaf': 2, 'min_samples_split': 5, 'n_estimators': 400, 'random_state': 42}",0.9253072801764891,0.9339234903572557,0.9225908372827805,0.9254108723135271,0.926829268292683,0.9268123496845471,0.0038110142458455567,77
5.133922290802002,0.6477363949580823,1.573250675201416,0.5576597363118271,True,balanced_subsample,20,log2,1,2,200,42,"{'bootstrap': True, 'class_weight': 'balanced_subsample', 'max_depth': 20, 'max_features': 'log2', 'min_samples_leaf': 1, 'min_samples_split': 2, 'n_estimators': 200, 'random_state': 42}",0.9290201005025126,0.9369654735508394,0.9254579911560329,0.9281210592686002,0.9320754716981132,0.9303280192352197,0.003934663571379539,12
7.173576784133911,0.4893811051732557,2.2780577659606935,0.2572929186095609,True,balanced_subsample,20,log2,1,2,400,42,"{'bootstrap': True, 'class_weight': 'balanced_subsample', 'max_depth': 20, 'max_features': 'log2', 'min_samples_leaf': 1, 'min_samples_split': 2, 'n_estimators': 400, 'random_state': 42}",0.9285266457680251,0.9370850458425546,0.9258441148627328,0.927244094488189,0.9303937007874016,0.9298187203497807,0.003930031361204373,19
5.08172574043274,0.9898724916477434,1.9556302547454834,0.4311044982986204,True,balanced_subsample,20,log2,1,5,200,42,"{'bootstrap': True, 'class_weight': 'balanced_subsample', 'max_depth': 20, 'max_features': 'log2', 'min_samples_leaf': 1, 'min_samples_split': 5, 'n_estimators': 200, 'random_state': 42}",0.9279194208372679,0.935402153261558,0.9258908861557869,0.9257034460954789,0.9292035398230089,0.92882388923462,0.003537666680291854,47
7.502702951431274,0.4993724497060583,1.1016089916229248,0.3875851031710694,True,balanced_subsample,20,log2,1,5,400,42,"{'bootstrap': True, 'class_weight': 'balanced_subsample', 'max_depth': 20, 'max_features': 'log2', 'min_samples_leaf': 1, 'min_samples_split': 5, 'n_estimators': 400, 'random_state': 42}",0.9258328095537398,0.9363319607222046,0.9254579911560329,0.9244388239013595,0.9285714285714286,0.9281266027809532,0.004324545233121673,63
4.756054162979126,0.5659199063593822,1.961865282058716,1.1494804473378708,True,balanced_subsample,20,log2,2,2,200,42,"{'bootstrap': True, 'class_weight': 'balanced_subsample', 'max_depth': 20, 'max_features': 'log2', 'min_samples_leaf': 2, 'min_samples_split': 2, 'n_estimators': 200, 'random_state': 42}",0.922931739540736,0.9338398227287116,0.9230281913208742,0.9193293261626068,0.9233704292527822,0.9244999018011422,0.004896320010319098,99
6.936198711395264,0.37829943658973453,1.0035467624664307,0.24425096525607928,True,balanced_subsample,20,log2,2,2,400,42,"{'bootstrap': True, 'class_weight': 'balanced_subsample', 'max_depth': 20, 'max_features': 'log2', 'min_samples_leaf': 2, 'min_samples_split': 2, 'n_estimators': 400, 'random_state': 42}",0.9238993710691824,0.9354430379746835,0.9224438113327003,0.9209361163820367,0.9246358454718177,0.925471636446084,0.005144668708114042,91
4.691986703872681,0.48020786767744905,1.0842131137847901,0.6866101149616025,True,balanced_subsample,20,log2,2,5,200,42,"{'bootstrap': True, 'class_weight': 'balanced_subsample', 'max_depth': 20, 'max_features': 'log2', 'min_samples_leaf': 2, 'min_samples_split': 5, 'n_estimators': 200, 'random_state': 42}",0.9214263174502998,0.9341355288157062,0.9216619092927371,0.9224928819993673,0.9238095238095239,0.9247052322735267,0.004788327003137545,97
7.621841859817505,0.560973578565255,7.446163272857666,0.7897267213904829,True,balanced_subsample,20,log2,2,5,400,42,"{'bootstrap': True, 'class_weight': 'balanced_subsample', 'max_depth': 20, 'max_features': 'log2', 'min_samples_leaf': 2, 'min_samples_split': 5, 'n_estimators': 400, 'random_state': 42}",0.9211853720050441,0.9340069466371961,0.9217115689381934,0.9230281913208742,0.9243910155014236,0.9248646188805463,0.004704412921130813,96
14.052933168411254,1.9712059151858516,7.005895566940308,0.507027336615418,True,balanced_subsample,20,,1,2,200,42,"{'bootstrap': True, 'class_weight': 'balanced_subsample', 'max_depth': 20, 'max_features': None, 'min_samples_leaf': 1, 'min_samples_split': 2, 'n_estimators': 200, 'random_state': 42}",0.9273356401384083,0.937204165351846,0.9227871939736346,0.9271814187068425,0.9315326633165829,0.9292082162974629,0.004861732877336886,33
33.191295337677005,0.5057016691530398,6.252786874771118,0.24844464986994963,True,balanced_subsample,20,,1,2,400,42,"{'bootstrap': True, 'class_weight': 'balanced_subsample', 'max_depth': 20, 'max_features': None, 'min_samples_leaf': 1, 'min_samples_split': 2, 'n_estimators': 400, 'random_state': 42}",0.929559748427673,0.9363177805800756,0.9221105527638191,0.9275634995296331,0.9285266457680251,0.9288156454138452,0.004548524571850652,49
22.147874116897583,1.950703517149434,6.710124063491821,1.3625917309600177,True,balanced_subsample,20,,1,5,200,42,"{'bootstrap': True, 'class_weight': 'balanced_subsample', 'max_depth': 20, 'max_features': None, 'min_samples_leaf': 1, 'min_samples_split': 5, 'n_estimators': 200, 'random_state': 42}",0.9278740157480315,0.9367888748419722,0.9226415094339623,0.9265075376884422,0.9312833385629118,0.9290190552550639,0.004770513640514338,38
35.16994314193725,1.8252810349693471,8.102798986434937,1.5525299364039302,True,balanced_subsample,20,,1,5,400,42,"{'bootstrap': True, 'class_weight': 'balanced_subsample', 'max_depth': 20, 'max_features': None, 'min_samples_leaf': 1, 'min_samples_split': 5, 'n_estimators': 400, 'random_state': 42}",0.9298079949638023,0.9368288060644346,0.92196349905601,0.9271814187068425,0.9287731408848446,0.9289109719351869,0.004791126773258242,44
21.616048288345336,1.5788559767932346,7.786388206481933,2.0162708367020743,True,balanced_subsample,20,,2,2,200,42,"{'bootstrap': True, 'class_weight': 'balanced_subsample', 'max_depth': 20, 'max_features': None, 'min_samples_leaf': 2, 'min_samples_split': 2, 'n_estimators': 200, 'random_state': 42}",0.9279647687952186,0.9366530097699338,0.9234149403640929,0.9283469516027656,0.931153725243634,0.9295066791551291,0.00435004687619985,26
32.5087571144104,0.5588465098274885,5.663041973114014,0.2751962972177283,True,balanced_subsample,20,,2,2,400,42,"{'bootstrap': True, 'class_weight': 'balanced_subsample', 'max_depth': 20, 'max_features': None, 'min_samples_leaf': 2, 'min_samples_split': 2, 'n_estimators': 400, 'random_state': 42}",0.9285489455461127,0.935687263556116,0.9215317011927181,0.9274725274725275,0.9296040226272785,0.9285688920789505,0.00452696756168335,56
18.561162614822386,1.7505819690182343,5.9384765625,0.5707561868972476,True,balanced_subsample,20,,2,5,200,42,"{'bootstrap': True, 'class_weight': 'balanced_subsample', 'max_depth': 20, 'max_features': None, 'min_samples_leaf': 2, 'min_samples_split': 5, 'n_estimators': 200, 'random_state': 42}",0.927289896128423,0.9359823399558499,0.9229801949072619,0.9273356401384083,0.931153725243634,0.9289483592747153,0.004366025016341531,41
22.57063317298889,1.260061240490058,0.6071661949157715,0.44129587539639226,True,balanced_subsample,20,,2,5,400,42,"{'bootstrap': True, 'class_weight': 'balanced_subsample', 'max_depth': 20, 'max_features': None, 'min_samples_leaf': 2, 'min_samples_split': 5, 'n_estimators': 400, 'random_state': 42}",0.9285938974520289,0.9352699715819387,0.9220125786163522,0.9268445839874412,0.9299403078856425,0.9285322679046807,0.00430668436392739,57
